{
  "full": {
    "coverage": 0.24447476125511597,
    "n_total": 29320,
    "n_decided": 7168,
    "decided": {
      "n": 7168,
      "tp": 1077,
      "fp": 1074,
      "fn": 216,
      "tn": 4801,
      "balanced_accuracy": 0.8250690625462803,
      "accuracy": 0.8200334821428571,
      "precision": 0.500697350069735,
      "recall": 0.8329466357308585,
      "f1": 0.6254355400696864,
      "false_accept_rate": 0.16705336426914152,
      "false_reject_rate": 0.18280851063829787,
      "bacc_ci95": [
        0.8133560890440598,
        0.8363427534386254
      ]
    },
    "default_accept": {
      "n": 29320,
      "tp": 1077,
      "fp": 1074,
      "fn": 5411,
      "tn": 21758,
      "balanced_accuracy": 0.5594797618934466,
      "accuracy": 0.7788199181446112,
      "precision": 0.500697350069735,
      "recall": 0.16599876695437732,
      "f1": 0.24933441370528997,
      "false_accept_rate": 0.8340012330456227,
      "false_reject_rate": 0.04703924316748423,
      "bacc_ci95": [
        0.5550566181581984,
        0.5643652290139577
      ]
    },
    "default_escalate": {
      "n": 29320,
      "tp": 6272,
      "fp": 18031,
      "fn": 216,
      "tn": 4801,
      "balanced_accuracy": 0.5884914103726183,
      "accuracy": 0.37766030013642565,
      "precision": 0.25807513475702587,
      "recall": 0.966707768187423,
      "f1": 0.40739177032249685,
      "false_accept_rate": 0.03329223181257707,
      "false_reject_rate": 0.7897249474421864,
      "bacc_ci95": [
        0.5848961488901165,
        0.5918609849921075
      ]
    }
  },
  "leave_one_out": {
    "SOURCE_RETRIEVAL": {
      "coverage": 0.24447476125511597,
      "n_total": 29320,
      "n_decided": 7168,
      "decided": {
        "n": 7168,
        "tp": 1077,
        "fp": 1074,
        "fn": 216,
        "tn": 4801,
        "balanced_accuracy": 0.8250690625462803,
        "accuracy": 0.8200334821428571,
        "precision": 0.500697350069735,
        "recall": 0.8329466357308585,
        "f1": 0.6254355400696864,
        "false_accept_rate": 0.16705336426914152,
        "false_reject_rate": 0.18280851063829787,
        "bacc_ci95": [
          0.8133560890440598,
          0.8363427534386254
        ]
      },
      "default_accept": {
        "n": 29320,
        "tp": 1077,
        "fp": 1074,
        "fn": 5411,
        "tn": 21758,
        "balanced_accuracy": 0.5594797618934466,
        "accuracy": 0.7788199181446112,
        "precision": 0.500697350069735,
        "recall": 0.16599876695437732,
        "f1": 0.24933441370528997,
        "false_accept_rate": 0.8340012330456227,
        "false_reject_rate": 0.04703924316748423,
        "bacc_ci95": [
          0.5550566181581984,
          0.5643652290139577
        ]
      },
      "default_escalate": {
        "n": 29320,
        "tp": 6272,
        "fp": 18031,
        "fn": 216,
        "tn": 4801,
        "balanced_accuracy": 0.5884914103726183,
        "accuracy": 0.37766030013642565,
        "precision": 0.25807513475702587,
        "recall": 0.966707768187423,
        "f1": 0.40739177032249685,
        "false_accept_rate": 0.03329223181257707,
        "false_reject_rate": 0.7897249474421864,
        "bacc_ci95": [
          0.5848961488901165,
          0.5918609849921075
        ]
      }
    },
    "LEXICAL_OVERLAP": {
      "coverage": 0.24505457025920874,
      "n_total": 29320,
      "n_decided": 7185,
      "decided": {
        "n": 7185,
        "tp": 1077,
        "fp": 1074,
        "fn": 216,
        "tn": 4818,
        "balanced_accuracy": 0.825332788333861,
        "accuracy": 0.8204592901878914,
        "precision": 0.500697350069735,
        "recall": 0.8329466357308585,
        "f1": 0.6254355400696864,
        "false_accept_rate": 0.16705336426914152,
        "false_reject_rate": 0.18228105906313646,
        "bacc_ci95": [
          0.81459655936372,
          0.8359240615243309
        ]
      },
      "default_accept": {
        "n": 29320,
        "tp": 1077,
        "fp": 1074,
        "fn": 5411,
        "tn": 21758,
        "balanced_accuracy": 0.5594797618934466,
        "accuracy": 0.7788199181446112,
        "precision": 0.500697350069735,
        "recall": 0.16599876695437732,
        "f1": 0.24933441370528997,
        "false_accept_rate": 0.8340012330456227,
        "false_reject_rate": 0.04703924316748423,
        "bacc_ci95": [
          0.5550566181581984,
          0.5643652290139577
        ]
      },
      "default_escalate": {
        "n": 29320,
        "tp": 6272,
        "fp": 18014,
        "fn": 216,
        "tn": 4818,
        "balanced_accuracy": 0.5888636948855825,
        "accuracy": 0.3782401091405184,
        "precision": 0.2582557852260562,
        "recall": 0.966707768187423,
        "f1": 0.4076168193929941,
        "false_accept_rate": 0.03329223181257707,
        "false_reject_rate": 0.7889803784162579,
        "bacc_ci95": [
          0.5852567958401295,
          0.592324442574975
        ]
      }
    },
    "EVIDENCE_COVERAGE": {
      "coverage": 0.2681105047748977,
      "n_total": 29320,
      "n_decided": 7861,
      "decided": {
        "n": 7861,
        "tp": 1077,
        "fp": 1074,
        "fn": 281,
        "tn": 5429,
        "balanced_accuracy": 0.8139617559540323,
        "accuracy": 0.8276300725098588,
        "precision": 0.500697350069735,
        "recall": 0.7930780559646539,
        "f1": 0.6138500997435167,
        "false_accept_rate": 0.20692194403534608,
        "false_reject_rate": 0.16515454405658928,
        "bacc_ci95": [
          0.802467347169886,
          0.8252831631940436
        ]
      },
      "default_accept": {
        "n": 29320,
        "tp": 1077,
        "fp": 1074,
        "fn": 5411,
        "tn": 21758,
        "balanced_accuracy": 0.5594797618934466,
        "accuracy": 0.7788199181446112,
        "precision": 0.500697350069735,
        "recall": 0.16599876695437732,
        "f1": 0.24933441370528997,
        "false_accept_rate": 0.8340012330456227,
        "false_reject_rate": 0.04703924316748423,
        "bacc_ci95": [
          0.5550566181581984,
          0.5643652290139577
        ]
      },
      "default_escalate": {
        "n": 29320,
        "tp": 6207,
        "fp": 17403,
        "fn": 281,
        "tn": 5429,
        "balanced_accuracy": 0.5972347904211279,
        "accuracy": 0.39686221009549794,
        "precision": 0.26289707750952984,
        "recall": 0.9566892725030827,
        "f1": 0.4124526546614393,
        "false_accept_rate": 0.04331072749691738,
        "false_reject_rate": 0.7622196916608269,
        "bacc_ci95": [
          0.59383889538023,
          0.6008539218729265
        ]
      }
    }
  }
}