{
  "system": "minicheck",
  "split": "test",
  "metrics": {
    "coverage": 1.0,
    "n_total": 29320,
    "n_decided": 29320,
    "decided": {
      "n": 29320,
      "tp": 5135,
      "fp": 6776,
      "fn": 1353,
      "tn": 16056,
      "balanced_accuracy": 0.7473423524816879,
      "accuracy": 0.7227489768076398,
      "precision": 0.4311140962135841,
      "recall": 0.7914611590628853,
      "f1": 0.5581825099190174,
      "false_accept_rate": 0.20853884093711467,
      "false_reject_rate": 0.2967764540995095,
      "bacc_ci95": [
        0.7417165815654871,
        0.7528281882417569
      ]
    },
    "default_accept": {
      "n": 29320,
      "tp": 5135,
      "fp": 6776,
      "fn": 1353,
      "tn": 16056,
      "balanced_accuracy": 0.7473423524816879,
      "accuracy": 0.7227489768076398,
      "precision": 0.4311140962135841,
      "recall": 0.7914611590628853,
      "f1": 0.5581825099190174,
      "false_accept_rate": 0.20853884093711467,
      "false_reject_rate": 0.2967764540995095,
      "bacc_ci95": [
        0.7417165815654871,
        0.7528281882417569
      ]
    },
    "default_escalate": {
      "n": 29320,
      "tp": 5135,
      "fp": 6776,
      "fn": 1353,
      "tn": 16056,
      "balanced_accuracy": 0.7473423524816879,
      "accuracy": 0.7227489768076398,
      "precision": 0.4311140962135841,
      "recall": 0.7914611590628853,
      "f1": 0.5581825099190174,
      "false_accept_rate": 0.20853884093711467,
      "false_reject_rate": 0.2967764540995095,
      "bacc_ci95": [
        0.7417165815654871,
        0.7528281882417569
      ]
    }
  },
  "per_dataset": {
    "AggreFact-CNN": {
      "n": 558,
      "tp": 29,
      "fp": 55,
      "fn": 28,
      "tn": 446,
      "balanced_accuracy": 0.6994957453514025,
      "accuracy": 0.8512544802867383,
      "precision": 0.34523809523809523,
      "recall": 0.5087719298245614,
      "f1": 0.41134751773049644,
      "false_accept_rate": 0.49122807017543857,
      "false_reject_rate": 0.10978043912175649
    },
    "AggreFact-XSum": {
      "n": 558,
      "tp": 189,
      "fp": 59,
      "fn": 84,
      "tn": 226,
      "balanced_accuracy": 0.7426450742240216,
      "accuracy": 0.7437275985663082,
      "precision": 0.7620967741935484,
      "recall": 0.6923076923076923,
      "f1": 0.72552783109405,
      "false_accept_rate": 0.3076923076923077,
      "false_reject_rate": 0.20701754385964913
    },
    "ClaimVerify": {
      "n": 1088,
      "tp": 199,
      "fp": 127,
      "fn": 100,
      "tn": 662,
      "balanced_accuracy": 0.7522942974257241,
      "accuracy": 0.7913602941176471,
      "precision": 0.6104294478527608,
      "recall": 0.6655518394648829,
      "f1": 0.6368,
      "false_accept_rate": 0.33444816053511706,
      "false_reject_rate": 0.16096324461343473
    },
    "ExpertQA": {
      "n": 3702,
      "tp": 485,
      "fp": 1455,
      "fn": 246,
      "tn": 1516,
      "balanced_accuracy": 0.586870297969289,
      "accuracy": 0.5405186385737439,
      "precision": 0.25,
      "recall": 0.6634746922024624,
      "f1": 0.3631598652190191,
      "false_accept_rate": 0.33652530779753764,
      "false_reject_rate": 0.4897340962638842
    },
    "FactCheck-GPT": {
      "n": 1566,
      "tp": 1006,
      "fp": 132,
      "fn": 184,
      "tn": 244,
      "balanced_accuracy": 0.7471571607366351,
      "accuracy": 0.7982120051085568,
      "precision": 0.8840070298769771,
      "recall": 0.8453781512605042,
      "f1": 0.8642611683848798,
      "false_accept_rate": 0.1546218487394958,
      "false_reject_rate": 0.35106382978723405
    },
    "Lfqa": {
      "n": 1911,
      "tp": 637,
      "fp": 115,
      "fn": 153,
      "tn": 1006,
      "balanced_accuracy": 0.8518710690048442,
      "accuracy": 0.8597592883307169,
      "precision": 0.8470744680851063,
      "recall": 0.8063291139240506,
      "f1": 0.8261997405966278,
      "false_accept_rate": 0.19367088607594937,
      "false_reject_rate": 0.10258697591436218
    },
    "RAGTruth": {
      "n": 16371,
      "tp": 1095,
      "fp": 4581,
      "fn": 174,
      "tn": 10521,
      "balanced_accuracy": 0.7797734272197285,
      "accuracy": 0.7095473703500091,
      "precision": 0.19291754756871035,
      "recall": 0.8628841607565012,
      "f1": 0.3153347732181425,
      "false_accept_rate": 0.13711583924349882,
      "false_reject_rate": 0.3033373063170441
    },
    "Reveal": {
      "n": 1710,
      "tp": 1061,
      "fp": 34,
      "fn": 249,
      "tn": 366,
      "balanced_accuracy": 0.8624618320610687,
      "accuracy": 0.8345029239766082,
      "precision": 0.9689497716894977,
      "recall": 0.8099236641221375,
      "f1": 0.8823284823284824,
      "false_accept_rate": 0.1900763358778626,
      "false_reject_rate": 0.085
    },
    "TofuEval-MediaS": {
      "n": 726,
      "tp": 110,
      "fp": 93,
      "fn": 62,
      "tn": 461,
      "balanced_accuracy": 0.7358324238099236,
      "accuracy": 0.7865013774104683,
      "precision": 0.541871921182266,
      "recall": 0.6395348837209303,
      "f1": 0.5866666666666667,
      "false_accept_rate": 0.36046511627906974,
      "false_reject_rate": 0.16787003610108303
    },
    "TofuEval-MeetB": {
      "n": 772,
      "tp": 100,
      "fp": 75,
      "fn": 50,
      "tn": 547,
      "balanced_accuracy": 0.7730439442658092,
      "accuracy": 0.8380829015544041,
      "precision": 0.5714285714285714,
      "recall": 0.6666666666666666,
      "f1": 0.6153846153846153,
      "false_accept_rate": 0.3333333333333333,
      "false_reject_rate": 0.12057877813504823
    },
    "Wice": {
      "n": 358,
      "tp": 224,
      "fp": 50,
      "fn": 23,
      "tn": 61,
      "balanced_accuracy": 0.7282160703213335,
      "accuracy": 0.7960893854748603,
      "precision": 0.8175182481751825,
      "recall": 0.9068825910931174,
      "f1": 0.8598848368522073,
      "false_accept_rate": 0.0931174089068826,
      "false_reject_rate": 0.45045045045045046
    }
  },
  "cost": {
    "system": "minicheck",
    "n": 29320,
    "ms_per_claim_mean": 770.727737557183,
    "ms_per_claim_p50": 331.4680829644203,
    "ms_per_1k_claims": 770727.737557183,
    "param_invocations_per_claim": 783000000.0
  }
}