{
  "system": "nli",
  "split": "test",
  "metrics": {
    "coverage": 1.0,
    "n_total": 29320,
    "n_decided": 29320,
    "decided": {
      "n": 29320,
      "tp": 5400,
      "fp": 13262,
      "fn": 1088,
      "tn": 9570,
      "balanced_accuracy": 0.6257271793670942,
      "accuracy": 0.5105729877216917,
      "precision": 0.28935805379916407,
      "recall": 0.8323057953144266,
      "f1": 0.4294234592445328,
      "false_accept_rate": 0.16769420468557336,
      "false_reject_rate": 0.5808514365802383,
      "bacc_ci95": [
        0.6204203710249522,
        0.6313174126115427
      ]
    },
    "default_accept": {
      "n": 29320,
      "tp": 5400,
      "fp": 13262,
      "fn": 1088,
      "tn": 9570,
      "balanced_accuracy": 0.6257271793670942,
      "accuracy": 0.5105729877216917,
      "precision": 0.28935805379916407,
      "recall": 0.8323057953144266,
      "f1": 0.4294234592445328,
      "false_accept_rate": 0.16769420468557336,
      "false_reject_rate": 0.5808514365802383,
      "bacc_ci95": [
        0.6204203710249522,
        0.6313174126115427
      ]
    },
    "default_escalate": {
      "n": 29320,
      "tp": 5400,
      "fp": 13262,
      "fn": 1088,
      "tn": 9570,
      "balanced_accuracy": 0.6257271793670942,
      "accuracy": 0.5105729877216917,
      "precision": 0.28935805379916407,
      "recall": 0.8323057953144266,
      "f1": 0.4294234592445328,
      "false_accept_rate": 0.16769420468557336,
      "false_reject_rate": 0.5808514365802383,
      "bacc_ci95": [
        0.6204203710249522,
        0.6313174126115427
      ]
    }
  },
  "per_dataset": {
    "AggreFact-CNN": {
      "n": 558,
      "tp": 34,
      "fp": 240,
      "fn": 23,
      "tn": 261,
      "balanced_accuracy": 0.5587246559512553,
      "accuracy": 0.5286738351254481,
      "precision": 0.12408759124087591,
      "recall": 0.5964912280701754,
      "f1": 0.2054380664652568,
      "false_accept_rate": 0.40350877192982454,
      "false_reject_rate": 0.47904191616766467
    },
    "AggreFact-XSum": {
      "n": 558,
      "tp": 238,
      "fp": 222,
      "fn": 35,
      "tn": 63,
      "balanced_accuracy": 0.5464237516869096,
      "accuracy": 0.5394265232974911,
      "precision": 0.5173913043478261,
      "recall": 0.8717948717948718,
      "f1": 0.6493860845839019,
      "false_accept_rate": 0.1282051282051282,
      "false_reject_rate": 0.7789473684210526
    },
    "ClaimVerify": {
      "n": 1088,
      "tp": 243,
      "fp": 508,
      "fn": 56,
      "tn": 281,
      "balanced_accuracy": 0.5844280258232978,
      "accuracy": 0.48161764705882354,
      "precision": 0.3235685752330226,
      "recall": 0.8127090301003345,
      "f1": 0.46285714285714297,
      "false_accept_rate": 0.18729096989966554,
      "false_reject_rate": 0.6438529784537389
    },
    "ExpertQA": {
      "n": 3702,
      "tp": 610,
      "fp": 2272,
      "fn": 121,
      "tn": 699,
      "balanced_accuracy": 0.5348738213123578,
      "accuracy": 0.3535926526202053,
      "precision": 0.21165857043719638,
      "recall": 0.8344733242134063,
      "f1": 0.337669526709106,
      "false_accept_rate": 0.16552667578659372,
      "false_reject_rate": 0.7647256815886907
    },
    "FactCheck-GPT": {
      "n": 1566,
      "tp": 1081,
      "fp": 195,
      "fn": 109,
      "tn": 181,
      "balanced_accuracy": 0.694893170033971,
      "accuracy": 0.8058748403575989,
      "precision": 0.8471786833855799,
      "recall": 0.9084033613445378,
      "f1": 0.8767234387672344,
      "false_accept_rate": 0.09159663865546218,
      "false_reject_rate": 0.5186170212765957
    },
    "Lfqa": {
      "n": 1911,
      "tp": 768,
      "fp": 832,
      "fn": 22,
      "tn": 289,
      "balanced_accuracy": 0.614978714755135,
      "accuracy": 0.5531135531135531,
      "precision": 0.48,
      "recall": 0.9721518987341772,
      "f1": 0.6426778242677824,
      "false_accept_rate": 0.027848101265822784,
      "false_reject_rate": 0.7421944692239072
    },
    "RAGTruth": {
      "n": 16371,
      "tp": 892,
      "fp": 8437,
      "fn": 377,
      "tn": 6665,
      "balanced_accuracy": 0.5721239777550482,
      "accuracy": 0.46160894264247754,
      "precision": 0.09561582163147175,
      "recall": 0.7029156816390859,
      "f1": 0.16833364785808644,
      "false_accept_rate": 0.2970843183609141,
      "false_reject_rate": 0.5586677261289895
    },
    "Reveal": {
      "n": 1710,
      "tp": 1114,
      "fp": 60,
      "fn": 196,
      "tn": 340,
      "balanced_accuracy": 0.8501908396946565,
      "accuracy": 0.8502923976608188,
      "precision": 0.948892674616695,
      "recall": 0.850381679389313,
      "f1": 0.8969404186795491,
      "false_accept_rate": 0.14961832061068703,
      "false_reject_rate": 0.15
    },
    "TofuEval-MediaS": {
      "n": 726,
      "tp": 119,
      "fp": 250,
      "fn": 53,
      "tn": 304,
      "balanced_accuracy": 0.620298463605071,
      "accuracy": 0.5826446280991735,
      "precision": 0.3224932249322493,
      "recall": 0.6918604651162791,
      "f1": 0.43992606284658037,
      "false_accept_rate": 0.3081395348837209,
      "false_reject_rate": 0.45126353790613716
    },
    "TofuEval-MeetB": {
      "n": 772,
      "tp": 99,
      "fp": 171,
      "fn": 51,
      "tn": 451,
      "balanced_accuracy": 0.6925401929260451,
      "accuracy": 0.7124352331606217,
      "precision": 0.36666666666666664,
      "recall": 0.66,
      "f1": 0.4714285714285714,
      "false_accept_rate": 0.34,
      "false_reject_rate": 0.27491961414790994
    },
    "Wice": {
      "n": 358,
      "tp": 202,
      "fp": 75,
      "fn": 45,
      "tn": 36,
      "balanced_accuracy": 0.5710690447532553,
      "accuracy": 0.664804469273743,
      "precision": 0.7292418772563177,
      "recall": 0.8178137651821862,
      "f1": 0.7709923664122137,
      "false_accept_rate": 0.18218623481781376,
      "false_reject_rate": 0.6756756756756757
    }
  },
  "cost": {
    "system": "nli",
    "n": 29320,
    "ms_per_claim_mean": 99.09253663315609,
    "ms_per_claim_p50": 74.47620900347829,
    "ms_per_1k_claims": 99092.53663315608,
    "param_invocations_per_claim": 184000000.0
  }
}