{
  "system": "signals",
  "split": "test",
  "metrics": {
    "coverage": 0.28652796725784446,
    "n_total": 29320,
    "n_decided": 8401,
    "decided": {
      "n": 8401,
      "tp": 1408,
      "fp": 3211,
      "fn": 153,
      "tn": 3629,
      "balanced_accuracy": 0.7162707310128835,
      "accuracy": 0.5995714795857636,
      "precision": 0.3048278848235549,
      "recall": 0.9019859064702114,
      "f1": 0.45566343042071206,
      "false_accept_rate": 0.0980140935297886,
      "false_reject_rate": 0.46944444444444444,
      "bacc_ci95": [
        0.7072224630996583,
        0.7255914377286427
      ]
    },
    "default_accept": {
      "n": 29320,
      "tp": 1408,
      "fp": 3211,
      "fn": 5080,
      "tn": 19621,
      "balanced_accuracy": 0.5381900400242979,
      "accuracy": 0.7172237380627557,
      "precision": 0.3048278848235549,
      "recall": 0.21701602959309493,
      "f1": 0.2535338075087783,
      "false_accept_rate": 0.782983970406905,
      "false_reject_rate": 0.14063594954449896,
      "bacc_ci95": [
        0.5331293153706399,
        0.5439153486681758
      ]
    },
    "default_escalate": {
      "n": 29320,
      "tp": 6335,
      "fp": 19203,
      "fn": 153,
      "tn": 3629,
      "balanced_accuracy": 0.5676807952064163,
      "accuracy": 0.3398362892223738,
      "precision": 0.24806171195864984,
      "recall": 0.9764180024660912,
      "f1": 0.3956160619496659,
      "false_accept_rate": 0.023581997533908754,
      "false_reject_rate": 0.8410564120532585,
      "bacc_ci95": [
        0.5649240651571779,
        0.570786514506613
      ]
    }
  },
  "per_dataset": {
    "AggreFact-CNN": {
      "n": 558,
      "tp": 32,
      "fp": 228,
      "fn": 25,
      "tn": 273,
      "balanced_accuracy": 0.5531568442063242,
      "accuracy": 0.546594982078853,
      "precision": 0.12307692307692308,
      "recall": 0.5614035087719298,
      "f1": 0.20189274447949526,
      "false_accept_rate": 0.43859649122807015,
      "false_reject_rate": 0.4550898203592814
    },
    "AggreFact-XSum": {
      "n": 558,
      "tp": 80,
      "fp": 33,
      "fn": 193,
      "tn": 252,
      "balanced_accuracy": 0.5886254096780412,
      "accuracy": 0.5949820788530465,
      "precision": 0.7079646017699115,
      "recall": 0.29304029304029305,
      "f1": 0.4145077720207254,
      "false_accept_rate": 0.706959706959707,
      "false_reject_rate": 0.11578947368421053
    },
    "ClaimVerify": {
      "n": 1088,
      "tp": 47,
      "fp": 151,
      "fn": 252,
      "tn": 638,
      "balanced_accuracy": 0.48290456994375,
      "accuracy": 0.6295955882352942,
      "precision": 0.23737373737373738,
      "recall": 0.15719063545150502,
      "f1": 0.18913480885311873,
      "false_accept_rate": 0.842809364548495,
      "false_reject_rate": 0.19138149556400508
    },
    "ExpertQA": {
      "n": 3702,
      "tp": 106,
      "fp": 391,
      "fn": 625,
      "tn": 2580,
      "balanced_accuracy": 0.5067006599591768,
      "accuracy": 0.7255537547271745,
      "precision": 0.21327967806841047,
      "recall": 0.14500683994528044,
      "f1": 0.17263843648208468,
      "false_accept_rate": 0.8549931600547196,
      "false_reject_rate": 0.13160552002692696
    },
    "FactCheck-GPT": {
      "n": 1566,
      "tp": 155,
      "fp": 34,
      "fn": 1035,
      "tn": 342,
      "balanced_accuracy": 0.5199132844627212,
      "accuracy": 0.3173690932311622,
      "precision": 0.8201058201058201,
      "recall": 0.13025210084033614,
      "f1": 0.2248005801305294,
      "false_accept_rate": 0.8697478991596639,
      "false_reject_rate": 0.09042553191489362
    },
    "Lfqa": {
      "n": 1911,
      "tp": 43,
      "fp": 127,
      "fn": 747,
      "tn": 994,
      "balanced_accuracy": 0.4705693379554873,
      "accuracy": 0.5426478283621141,
      "precision": 0.2529411764705882,
      "recall": 0.05443037974683544,
      "f1": 0.08958333333333333,
      "false_accept_rate": 0.9455696202531646,
      "false_reject_rate": 0.11329170383586083
    },
    "RAGTruth": {
      "n": 16371,
      "tp": 260,
      "fp": 1996,
      "fn": 1009,
      "tn": 13106,
      "balanced_accuracy": 0.5363589060112277,
      "accuracy": 0.8164437114409627,
      "precision": 0.11524822695035461,
      "recall": 0.2048857368006304,
      "f1": 0.14751773049645392,
      "false_accept_rate": 0.7951142631993696,
      "false_reject_rate": 0.13216792477817507
    },
    "Reveal": {
      "n": 1710,
      "tp": 504,
      "fp": 37,
      "fn": 806,
      "tn": 363,
      "balanced_accuracy": 0.6461164122137404,
      "accuracy": 0.5070175438596491,
      "precision": 0.9316081330868762,
      "recall": 0.3847328244274809,
      "f1": 0.5445705024311184,
      "false_accept_rate": 0.6152671755725191,
      "false_reject_rate": 0.0925
    },
    "TofuEval-MediaS": {
      "n": 726,
      "tp": 22,
      "fp": 61,
      "fn": 150,
      "tn": 493,
      "balanced_accuracy": 0.5088993367475443,
      "accuracy": 0.709366391184573,
      "precision": 0.26506024096385544,
      "recall": 0.12790697674418605,
      "f1": 0.17254901960784313,
      "false_accept_rate": 0.872093023255814,
      "false_reject_rate": 0.11010830324909747
    },
    "TofuEval-MeetB": {
      "n": 772,
      "tp": 36,
      "fp": 119,
      "fn": 114,
      "tn": 503,
      "balanced_accuracy": 0.5243408360128617,
      "accuracy": 0.6981865284974094,
      "precision": 0.23225806451612904,
      "recall": 0.24,
      "f1": 0.2360655737704918,
      "false_accept_rate": 0.76,
      "false_reject_rate": 0.19131832797427653
    },
    "Wice": {
      "n": 358,
      "tp": 123,
      "fp": 34,
      "fn": 124,
      "tn": 77,
      "balanced_accuracy": 0.595834701097859,
      "accuracy": 0.5586592178770949,
      "precision": 0.7834394904458599,
      "recall": 0.4979757085020243,
      "f1": 0.6089108910891089,
      "false_accept_rate": 0.5020242914979757,
      "false_reject_rate": 0.3063063063063063
    }
  },
  "cost": {
    "system": "signals",
    "n": 29320,
    "ms_per_claim_mean": 0.5574758102724108,
    "ms_per_claim_p50": 0.421375036239624,
    "ms_per_1k_claims": 557.4758102724107,
    "param_invocations_per_claim": 0.0
  }
}