{
  "system": "signals",
  "split": "test",
  "metrics": {
    "coverage": 0.24447476125511597,
    "n_total": 29320,
    "n_decided": 7168,
    "decided": {
      "n": 7168,
      "tp": 1077,
      "fp": 1074,
      "fn": 216,
      "tn": 4801,
      "balanced_accuracy": 0.8250690625462803,
      "accuracy": 0.8200334821428571,
      "precision": 0.500697350069735,
      "recall": 0.8329466357308585,
      "f1": 0.6254355400696864,
      "false_accept_rate": 0.16705336426914152,
      "false_reject_rate": 0.18280851063829787,
      "bacc_ci95": [
        0.8133560890440598,
        0.8363427534386254
      ]
    },
    "default_accept": {
      "n": 29320,
      "tp": 1077,
      "fp": 1074,
      "fn": 5411,
      "tn": 21758,
      "balanced_accuracy": 0.5594797618934466,
      "accuracy": 0.7788199181446112,
      "precision": 0.500697350069735,
      "recall": 0.16599876695437732,
      "f1": 0.24933441370528997,
      "false_accept_rate": 0.8340012330456227,
      "false_reject_rate": 0.04703924316748423,
      "bacc_ci95": [
        0.5550566181581984,
        0.5643652290139577
      ]
    },
    "default_escalate": {
      "n": 29320,
      "tp": 6272,
      "fp": 18031,
      "fn": 216,
      "tn": 4801,
      "balanced_accuracy": 0.5884914103726183,
      "accuracy": 0.37766030013642565,
      "precision": 0.25807513475702587,
      "recall": 0.966707768187423,
      "f1": 0.40739177032249685,
      "false_accept_rate": 0.03329223181257707,
      "false_reject_rate": 0.7897249474421864,
      "bacc_ci95": [
        0.5848961488901165,
        0.5918609849921075
      ]
    }
  },
  "per_dataset": {
    "AggreFact-CNN": {
      "n": 558,
      "tp": 6,
      "fp": 25,
      "fn": 51,
      "tn": 476,
      "balanced_accuracy": 0.5276814791469693,
      "accuracy": 0.8637992831541219,
      "precision": 0.1935483870967742,
      "recall": 0.10526315789473684,
      "f1": 0.13636363636363635,
      "false_accept_rate": 0.8947368421052632,
      "false_reject_rate": 0.0499001996007984
    },
    "AggreFact-XSum": {
      "n": 558,
      "tp": 57,
      "fp": 12,
      "fn": 216,
      "tn": 273,
      "balanced_accuracy": 0.583342972816657,
      "accuracy": 0.5913978494623656,
      "precision": 0.8260869565217391,
      "recall": 0.2087912087912088,
      "f1": 0.33333333333333337,
      "false_accept_rate": 0.7912087912087912,
      "false_reject_rate": 0.042105263157894736
    },
    "ClaimVerify": {
      "n": 1088,
      "tp": 35,
      "fp": 47,
      "fn": 264,
      "tn": 742,
      "balanced_accuracy": 0.5287438907045453,
      "accuracy": 0.7141544117647058,
      "precision": 0.4268292682926829,
      "recall": 0.11705685618729098,
      "f1": 0.18372703412073493,
      "false_accept_rate": 0.882943143812709,
      "false_reject_rate": 0.059569074778200254
    },
    "ExpertQA": {
      "n": 3702,
      "tp": 73,
      "fp": 224,
      "fn": 658,
      "tn": 2747,
      "balanced_accuracy": 0.5122338556801475,
      "accuracy": 0.7617504051863857,
      "precision": 0.24579124579124578,
      "recall": 0.09986320109439124,
      "f1": 0.14202334630350194,
      "false_accept_rate": 0.9001367989056087,
      "false_reject_rate": 0.07539548973409627
    },
    "FactCheck-GPT": {
      "n": 1566,
      "tp": 115,
      "fp": 10,
      "fn": 1075,
      "tn": 366,
      "balanced_accuracy": 0.5350214553906669,
      "accuracy": 0.30715197956577267,
      "precision": 0.92,
      "recall": 0.09663865546218488,
      "f1": 0.1749049429657795,
      "false_accept_rate": 0.9033613445378151,
      "false_reject_rate": 0.026595744680851064
    },
    "Lfqa": {
      "n": 1911,
      "tp": 27,
      "fp": 3,
      "fn": 763,
      "tn": 1118,
      "balanced_accuracy": 0.5157505166047494,
      "accuracy": 0.5991627420198848,
      "precision": 0.9,
      "recall": 0.03417721518987342,
      "f1": 0.06585365853658537,
      "false_accept_rate": 0.9658227848101266,
      "false_reject_rate": 0.0026761819803746653
    },
    "RAGTruth": {
      "n": 16371,
      "tp": 186,
      "fp": 607,
      "fn": 1083,
      "tn": 14495,
      "balanced_accuracy": 0.5531893760724942,
      "accuracy": 0.8967686763178792,
      "precision": 0.23455233291298866,
      "recall": 0.14657210401891252,
      "f1": 0.1804073714839961,
      "false_accept_rate": 0.8534278959810875,
      "false_reject_rate": 0.040193351873923984
    },
    "Reveal": {
      "n": 1710,
      "tp": 441,
      "fp": 11,
      "fn": 869,
      "tn": 389,
      "balanced_accuracy": 0.6545706106870229,
      "accuracy": 0.4853801169590643,
      "precision": 0.9756637168141593,
      "recall": 0.3366412213740458,
      "f1": 0.5005675368898979,
      "false_accept_rate": 0.6633587786259542,
      "false_reject_rate": 0.0275
    },
    "TofuEval-MediaS": {
      "n": 726,
      "tp": 7,
      "fp": 4,
      "fn": 165,
      "tn": 550,
      "balanced_accuracy": 0.5167387289060532,
      "accuracy": 0.7672176308539945,
      "precision": 0.6363636363636364,
      "recall": 0.040697674418604654,
      "f1": 0.07650273224043717,
      "false_accept_rate": 0.9593023255813954,
      "false_reject_rate": 0.007220216606498195
    },
    "TofuEval-MeetB": {
      "n": 772,
      "tp": 36,
      "fp": 108,
      "fn": 114,
      "tn": 514,
      "balanced_accuracy": 0.5331832797427652,
      "accuracy": 0.7124352331606217,
      "precision": 0.25,
      "recall": 0.24,
      "f1": 0.24489795918367346,
      "false_accept_rate": 0.76,
      "false_reject_rate": 0.17363344051446947
    },
    "Wice": {
      "n": 358,
      "tp": 94,
      "fp": 23,
      "fn": 153,
      "tn": 88,
      "balanced_accuracy": 0.586679797206113,
      "accuracy": 0.5083798882681564,
      "precision": 0.8034188034188035,
      "recall": 0.3805668016194332,
      "f1": 0.5164835164835164,
      "false_accept_rate": 0.6194331983805668,
      "false_reject_rate": 0.2072072072072072
    }
  },
  "cost": {
    "system": "signals",
    "n": 29320,
    "ms_per_claim_mean": 0.5707807044417942,
    "ms_per_claim_p50": 0.4165829159319401,
    "ms_per_1k_claims": 570.7807044417942,
    "param_invocations_per_claim": 0.0
  }
}