{
  "system": "tafs",
  "split": "test",
  "metrics": {
    "coverage": 1.0,
    "n_total": 29320,
    "n_decided": 29320,
    "decided": {
      "n": 29320,
      "tp": 5251,
      "fp": 14063,
      "fn": 1237,
      "tn": 8769,
      "balanced_accuracy": 0.5967032717184958,
      "accuracy": 0.4781718963165075,
      "precision": 0.27187532359946154,
      "recall": 0.8093403205918619,
      "f1": 0.40702271141771956,
      "false_accept_rate": 0.1906596794081381,
      "false_reject_rate": 0.6159337771548704,
      "bacc_ci95": [
        0.591072156011467,
        0.6020141573685707
      ]
    },
    "default_accept": {
      "n": 29320,
      "tp": 5251,
      "fp": 14063,
      "fn": 1237,
      "tn": 8769,
      "balanced_accuracy": 0.5967032717184958,
      "accuracy": 0.4781718963165075,
      "precision": 0.27187532359946154,
      "recall": 0.8093403205918619,
      "f1": 0.40702271141771956,
      "false_accept_rate": 0.1906596794081381,
      "false_reject_rate": 0.6159337771548704,
      "bacc_ci95": [
        0.591072156011467,
        0.6020141573685707
      ]
    },
    "default_escalate": {
      "n": 29320,
      "tp": 5251,
      "fp": 14063,
      "fn": 1237,
      "tn": 8769,
      "balanced_accuracy": 0.5967032717184958,
      "accuracy": 0.4781718963165075,
      "precision": 0.27187532359946154,
      "recall": 0.8093403205918619,
      "f1": 0.40702271141771956,
      "false_accept_rate": 0.1906596794081381,
      "false_reject_rate": 0.6159337771548704,
      "bacc_ci95": [
        0.591072156011467,
        0.6020141573685707
      ]
    }
  },
  "per_dataset": {
    "AggreFact-CNN": {
      "n": 558,
      "tp": 13,
      "fp": 52,
      "fn": 44,
      "tn": 449,
      "balanced_accuracy": 0.5621388801344679,
      "accuracy": 0.8279569892473119,
      "precision": 0.2,
      "recall": 0.22807017543859648,
      "f1": 0.21311475409836067,
      "false_accept_rate": 0.7719298245614035,
      "false_reject_rate": 0.10379241516966067
    },
    "AggreFact-XSum": {
      "n": 558,
      "tp": 204,
      "fp": 161,
      "fn": 69,
      "tn": 124,
      "balanced_accuracy": 0.5911702332754964,
      "accuracy": 0.5878136200716846,
      "precision": 0.5589041095890411,
      "recall": 0.7472527472527473,
      "f1": 0.639498432601881,
      "false_accept_rate": 0.25274725274725274,
      "false_reject_rate": 0.5649122807017544
    },
    "ClaimVerify": {
      "n": 1088,
      "tp": 235,
      "fp": 353,
      "fn": 64,
      "tn": 436,
      "balanced_accuracy": 0.6692757014297765,
      "accuracy": 0.6167279411764706,
      "precision": 0.39965986394557823,
      "recall": 0.7859531772575251,
      "f1": 0.5298759864712514,
      "false_accept_rate": 0.2140468227424749,
      "false_reject_rate": 0.44740177439797213
    },
    "ExpertQA": {
      "n": 3702,
      "tp": 546,
      "fp": 1755,
      "fn": 185,
      "tn": 1216,
      "balanced_accuracy": 0.5781059130187343,
      "accuracy": 0.4759589411129119,
      "precision": 0.23728813559322035,
      "recall": 0.746922024623803,
      "f1": 0.3601583113456464,
      "false_accept_rate": 0.253077975376197,
      "false_reject_rate": 0.5907101985863346
    },
    "FactCheck-GPT": {
      "n": 1566,
      "tp": 942,
      "fp": 141,
      "fn": 248,
      "tn": 235,
      "balanced_accuracy": 0.708298319327731,
      "accuracy": 0.7515964240102171,
      "precision": 0.8698060941828255,
      "recall": 0.7915966386554621,
      "f1": 0.8288605367355917,
      "false_accept_rate": 0.20840336134453782,
      "false_reject_rate": 0.375
    },
    "Lfqa": {
      "n": 1911,
      "tp": 722,
      "fp": 465,
      "fn": 68,
      "tn": 656,
      "balanced_accuracy": 0.7495579218374191,
      "accuracy": 0.7210884353741497,
      "precision": 0.6082561078348778,
      "recall": 0.9139240506329114,
      "f1": 0.7303995953464845,
      "false_accept_rate": 0.08607594936708861,
      "false_reject_rate": 0.41480820695807313
    },
    "RAGTruth": {
      "n": 16371,
      "tp": 1161,
      "fp": 10167,
      "fn": 108,
      "tn": 4935,
      "balanced_accuracy": 0.6208357636159223,
      "accuracy": 0.3723657687374015,
      "precision": 0.10248940677966102,
      "recall": 0.9148936170212766,
      "f1": 0.18432960228625866,
      "false_accept_rate": 0.0851063829787234,
      "false_reject_rate": 0.6732220897894319
    },
    "Reveal": {
      "n": 1710,
      "tp": 926,
      "fp": 52,
      "fn": 384,
      "tn": 348,
      "balanced_accuracy": 0.7884351145038169,
      "accuracy": 0.7450292397660818,
      "precision": 0.9468302658486708,
      "recall": 0.7068702290076336,
      "f1": 0.8094405594405594,
      "false_accept_rate": 0.2931297709923664,
      "false_reject_rate": 0.13
    },
    "TofuEval-MediaS": {
      "n": 726,
      "tp": 155,
      "fp": 382,
      "fn": 17,
      "tn": 172,
      "balanced_accuracy": 0.6058160523885484,
      "accuracy": 0.45041322314049587,
      "precision": 0.2886405959031657,
      "recall": 0.9011627906976745,
      "f1": 0.4372355430183356,
      "false_accept_rate": 0.09883720930232558,
      "false_reject_rate": 0.6895306859205776
    },
    "TofuEval-MeetB": {
      "n": 772,
      "tp": 125,
      "fp": 454,
      "fn": 25,
      "tn": 168,
      "balanced_accuracy": 0.5517148981779207,
      "accuracy": 0.3795336787564767,
      "precision": 0.2158894645941278,
      "recall": 0.8333333333333334,
      "f1": 0.3429355281207133,
      "false_accept_rate": 0.16666666666666666,
      "false_reject_rate": 0.729903536977492
    },
    "Wice": {
      "n": 358,
      "tp": 222,
      "fp": 81,
      "fn": 25,
      "tn": 30,
      "balanced_accuracy": 0.5845278476857425,
      "accuracy": 0.7039106145251397,
      "precision": 0.7326732673267327,
      "recall": 0.8987854251012146,
      "f1": 0.8072727272727273,
      "false_accept_rate": 0.10121457489878542,
      "false_reject_rate": 0.7297297297297297
    }
  },
  "cost": {
    "system": "tafs",
    "n": 29320,
    "ms_per_claim_mean": 14.804893018030478,
    "ms_per_claim_p50": 14.446791028603911,
    "ms_per_1k_claims": 14804.893018030478,
    "param_invocations_per_claim": 22700000.0
  }
}