{
  "system": "tiered_minicheck",
  "split": "test",
  "metrics": {
    "coverage": 1.0,
    "n_total": 29320,
    "n_decided": 29320,
    "decided": {
      "n": 29320,
      "tp": 5121,
      "fp": 6932,
      "fn": 1367,
      "tn": 15900,
      "balanced_accuracy": 0.7428471796781639,
      "accuracy": 0.7169508867667121,
      "precision": 0.4248734754832822,
      "recall": 0.7893033292231812,
      "f1": 0.5523973895690631,
      "false_accept_rate": 0.21069667077681875,
      "false_reject_rate": 0.30360896986685354,
      "bacc_ci95": [
        0.7370160006422788,
        0.7486172775456817
      ]
    },
    "default_accept": {
      "n": 29320,
      "tp": 5121,
      "fp": 6932,
      "fn": 1367,
      "tn": 15900,
      "balanced_accuracy": 0.7428471796781639,
      "accuracy": 0.7169508867667121,
      "precision": 0.4248734754832822,
      "recall": 0.7893033292231812,
      "f1": 0.5523973895690631,
      "false_accept_rate": 0.21069667077681875,
      "false_reject_rate": 0.30360896986685354,
      "bacc_ci95": [
        0.7370160006422788,
        0.7486172775456817
      ]
    },
    "default_escalate": {
      "n": 29320,
      "tp": 5121,
      "fp": 6932,
      "fn": 1367,
      "tn": 15900,
      "balanced_accuracy": 0.7428471796781639,
      "accuracy": 0.7169508867667121,
      "precision": 0.4248734754832822,
      "recall": 0.7893033292231812,
      "f1": 0.5523973895690631,
      "false_accept_rate": 0.21069667077681875,
      "false_reject_rate": 0.30360896986685354,
      "bacc_ci95": [
        0.7370160006422788,
        0.7486172775456817
      ]
    }
  },
  "per_dataset": {
    "AggreFact-CNN": {
      "n": 558,
      "tp": 31,
      "fp": 66,
      "fn": 26,
      "tn": 435,
      "balanced_accuracy": 0.7060615610883496,
      "accuracy": 0.8351254480286738,
      "precision": 0.31958762886597936,
      "recall": 0.543859649122807,
      "f1": 0.40259740259740256,
      "false_accept_rate": 0.45614035087719296,
      "false_reject_rate": 0.1317365269461078
    },
    "AggreFact-XSum": {
      "n": 558,
      "tp": 197,
      "fp": 66,
      "fn": 76,
      "tn": 219,
      "balanced_accuracy": 0.7450163871216502,
      "accuracy": 0.7455197132616488,
      "precision": 0.7490494296577946,
      "recall": 0.7216117216117216,
      "f1": 0.7350746268656716,
      "false_accept_rate": 0.2783882783882784,
      "false_reject_rate": 0.23157894736842105
    },
    "ClaimVerify": {
      "n": 1088,
      "tp": 195,
      "fp": 126,
      "fn": 104,
      "tn": 663,
      "balanced_accuracy": 0.746239047776492,
      "accuracy": 0.7886029411764706,
      "precision": 0.6074766355140186,
      "recall": 0.6521739130434783,
      "f1": 0.6290322580645161,
      "false_accept_rate": 0.34782608695652173,
      "false_reject_rate": 0.1596958174904943
    },
    "ExpertQA": {
      "n": 3702,
      "tp": 482,
      "fp": 1461,
      "fn": 249,
      "tn": 1510,
      "balanced_accuracy": 0.5838085533619333,
      "accuracy": 0.5380875202593193,
      "precision": 0.2480699948533196,
      "recall": 0.6593707250341997,
      "f1": 0.36050860134629764,
      "false_accept_rate": 0.34062927496580025,
      "false_reject_rate": 0.4917536183103332
    },
    "FactCheck-GPT": {
      "n": 1566,
      "tp": 991,
      "fp": 125,
      "fn": 199,
      "tn": 251,
      "balanced_accuracy": 0.7501631503665296,
      "accuracy": 0.7931034482758621,
      "precision": 0.8879928315412187,
      "recall": 0.8327731092436975,
      "f1": 0.8594969644405898,
      "false_accept_rate": 0.1672268907563025,
      "false_reject_rate": 0.3324468085106383
    },
    "Lfqa": {
      "n": 1911,
      "tp": 638,
      "fp": 107,
      "fn": 152,
      "tn": 1014,
      "balanced_accuracy": 0.8560722230377489,
      "accuracy": 0.8644688644688645,
      "precision": 0.8563758389261745,
      "recall": 0.8075949367088607,
      "f1": 0.8312703583061889,
      "false_accept_rate": 0.19240506329113924,
      "false_reject_rate": 0.09545049063336307
    },
    "RAGTruth": {
      "n": 16371,
      "tp": 1099,
      "fp": 4649,
      "fn": 170,
      "tn": 10453,
      "balanced_accuracy": 0.779098113912863,
      "accuracy": 0.7056380184472543,
      "precision": 0.19119693806541405,
      "recall": 0.8660362490149724,
      "f1": 0.3132392760438934,
      "false_accept_rate": 0.13396375098502758,
      "false_reject_rate": 0.30784002118924647
    },
    "Reveal": {
      "n": 1710,
      "tp": 1049,
      "fp": 30,
      "fn": 261,
      "tn": 370,
      "balanced_accuracy": 0.862881679389313,
      "accuracy": 0.8298245614035088,
      "precision": 0.9721964782205746,
      "recall": 0.8007633587786259,
      "f1": 0.8781917120133947,
      "false_accept_rate": 0.19923664122137405,
      "false_reject_rate": 0.075
    },
    "TofuEval-MediaS": {
      "n": 726,
      "tp": 109,
      "fp": 93,
      "fn": 63,
      "tn": 461,
      "balanced_accuracy": 0.7329254470657376,
      "accuracy": 0.7851239669421488,
      "precision": 0.5396039603960396,
      "recall": 0.6337209302325582,
      "f1": 0.5828877005347594,
      "false_accept_rate": 0.36627906976744184,
      "false_reject_rate": 0.16787003610108303
    },
    "TofuEval-MeetB": {
      "n": 772,
      "tp": 104,
      "fp": 154,
      "fn": 46,
      "tn": 468,
      "balanced_accuracy": 0.7228724544480172,
      "accuracy": 0.7409326424870466,
      "precision": 0.40310077519379844,
      "recall": 0.6933333333333334,
      "f1": 0.5098039215686274,
      "false_accept_rate": 0.30666666666666664,
      "false_reject_rate": 0.24758842443729903
    },
    "Wice": {
      "n": 358,
      "tp": 226,
      "fp": 55,
      "fn": 21,
      "tn": 56,
      "balanced_accuracy": 0.7097421307947623,
      "accuracy": 0.7877094972067039,
      "precision": 0.8042704626334519,
      "recall": 0.9149797570850202,
      "f1": 0.8560606060606061,
      "false_accept_rate": 0.08502024291497975,
      "false_reject_rate": 0.4954954954954955
    }
  },
  "cost": {
    "system": "tiered_minicheck",
    "n": 29320,
    "ms_per_claim_mean": 544.8544277219384,
    "ms_per_claim_p50": 225.63974978402257,
    "ms_per_1k_claims": 544854.4277219384,
    "param_invocations_per_claim": 591576261.9372442
  }
}