{
  "system": "tiered_tafs",
  "split": "test",
  "metrics": {
    "coverage": 1.0,
    "n_total": 29320,
    "n_decided": 29320,
    "decided": {
      "n": 29320,
      "tp": 5283,
      "fp": 12925,
      "fn": 1205,
      "tn": 9907,
      "balanced_accuracy": 0.6240905262434794,
      "accuracy": 0.5180763983628922,
      "precision": 0.29014718804920914,
      "recall": 0.814272503082614,
      "f1": 0.4278425655976676,
      "false_accept_rate": 0.18572749691738594,
      "false_reject_rate": 0.5660914505956552,
      "bacc_ci95": [
        0.6181821029859168,
        0.6297374320701182
      ]
    },
    "default_accept": {
      "n": 29320,
      "tp": 5283,
      "fp": 12925,
      "fn": 1205,
      "tn": 9907,
      "balanced_accuracy": 0.6240905262434794,
      "accuracy": 0.5180763983628922,
      "precision": 0.29014718804920914,
      "recall": 0.814272503082614,
      "f1": 0.4278425655976676,
      "false_accept_rate": 0.18572749691738594,
      "false_reject_rate": 0.5660914505956552,
      "bacc_ci95": [
        0.6181821029859168,
        0.6297374320701182
      ]
    },
    "default_escalate": {
      "n": 29320,
      "tp": 5283,
      "fp": 12925,
      "fn": 1205,
      "tn": 9907,
      "balanced_accuracy": 0.6240905262434794,
      "accuracy": 0.5180763983628922,
      "precision": 0.29014718804920914,
      "recall": 0.814272503082614,
      "f1": 0.4278425655976676,
      "false_accept_rate": 0.18572749691738594,
      "false_reject_rate": 0.5660914505956552,
      "bacc_ci95": [
        0.6181821029859168,
        0.6297374320701182
      ]
    }
  },
  "per_dataset": {
    "AggreFact-CNN": {
      "n": 558,
      "tp": 16,
      "fp": 70,
      "fn": 41,
      "tn": 431,
      "balanced_accuracy": 0.5704905977518646,
      "accuracy": 0.8010752688172043,
      "precision": 0.18604651162790697,
      "recall": 0.2807017543859649,
      "f1": 0.22377622377622375,
      "false_accept_rate": 0.7192982456140351,
      "false_reject_rate": 0.13972055888223553
    },
    "AggreFact-XSum": {
      "n": 558,
      "tp": 209,
      "fp": 159,
      "fn": 64,
      "tn": 126,
      "balanced_accuracy": 0.6038365143628301,
      "accuracy": 0.600358422939068,
      "precision": 0.5679347826086957,
      "recall": 0.7655677655677655,
      "f1": 0.6521060842433697,
      "false_accept_rate": 0.23443223443223443,
      "false_reject_rate": 0.5578947368421052
    },
    "ClaimVerify": {
      "n": 1088,
      "tp": 230,
      "fp": 255,
      "fn": 69,
      "tn": 534,
      "balanced_accuracy": 0.7230184264404798,
      "accuracy": 0.7022058823529411,
      "precision": 0.4742268041237113,
      "recall": 0.7692307692307693,
      "f1": 0.586734693877551,
      "false_accept_rate": 0.23076923076923078,
      "false_reject_rate": 0.3231939163498099
    },
    "ExpertQA": {
      "n": 3702,
      "tp": 541,
      "fp": 1730,
      "fn": 190,
      "tn": 1241,
      "balanced_accuracy": 0.5788932779752841,
      "accuracy": 0.4813614262560778,
      "precision": 0.23822104799647734,
      "recall": 0.7400820793433652,
      "f1": 0.3604263824117255,
      "false_accept_rate": 0.25991792065663477,
      "false_reject_rate": 0.582295523392797
    },
    "FactCheck-GPT": {
      "n": 1566,
      "tp": 942,
      "fp": 141,
      "fn": 248,
      "tn": 235,
      "balanced_accuracy": 0.708298319327731,
      "accuracy": 0.7515964240102171,
      "precision": 0.8698060941828255,
      "recall": 0.7915966386554621,
      "f1": 0.8288605367355917,
      "false_accept_rate": 0.20840336134453782,
      "false_reject_rate": 0.375
    },
    "Lfqa": {
      "n": 1911,
      "tp": 722,
      "fp": 307,
      "fn": 68,
      "tn": 814,
      "balanced_accuracy": 0.8200307139872853,
      "accuracy": 0.8037676609105181,
      "precision": 0.7016520894071915,
      "recall": 0.9139240506329114,
      "f1": 0.793842770753161,
      "false_accept_rate": 0.08607594936708861,
      "false_reject_rate": 0.27386262265834077
    },
    "RAGTruth": {
      "n": 16371,
      "tp": 1167,
      "fp": 9378,
      "fn": 102,
      "tn": 5724,
      "balanced_accuracy": 0.6493221977080674,
      "accuracy": 0.42092724940443466,
      "precision": 0.11066856330014224,
      "recall": 0.9196217494089834,
      "f1": 0.19756221432199086,
      "false_accept_rate": 0.08037825059101655,
      "false_reject_rate": 0.6209773539928486
    },
    "Reveal": {
      "n": 1710,
      "tp": 947,
      "fp": 54,
      "fn": 363,
      "tn": 346,
      "balanced_accuracy": 0.7939503816793894,
      "accuracy": 0.756140350877193,
      "precision": 0.9460539460539461,
      "recall": 0.7229007633587786,
      "f1": 0.8195586326265686,
      "false_accept_rate": 0.2770992366412214,
      "false_reject_rate": 0.135
    },
    "TofuEval-MediaS": {
      "n": 726,
      "tp": 154,
      "fp": 347,
      "fn": 18,
      "tn": 207,
      "balanced_accuracy": 0.634497523297792,
      "accuracy": 0.4972451790633609,
      "precision": 0.3073852295409182,
      "recall": 0.8953488372093024,
      "f1": 0.4576523031203567,
      "false_accept_rate": 0.10465116279069768,
      "false_reject_rate": 0.6263537906137184
    },
    "TofuEval-MeetB": {
      "n": 772,
      "tp": 127,
      "fp": 405,
      "fn": 23,
      "tn": 217,
      "balanced_accuracy": 0.5977706323687031,
      "accuracy": 0.44559585492227977,
      "precision": 0.2387218045112782,
      "recall": 0.8466666666666667,
      "f1": 0.37243401759530786,
      "false_accept_rate": 0.15333333333333332,
      "false_reject_rate": 0.6511254019292605
    },
    "Wice": {
      "n": 358,
      "tp": 228,
      "fp": 79,
      "fn": 19,
      "tn": 32,
      "balanced_accuracy": 0.6056826056826057,
      "accuracy": 0.7262569832402235,
      "precision": 0.742671009771987,
      "recall": 0.9230769230769231,
      "f1": 0.8231046931407943,
      "false_accept_rate": 0.07692307692307693,
      "false_reject_rate": 0.7117117117117117
    }
  },
  "cost": {
    "system": "tiered_tafs",
    "n": 29320,
    "ms_per_claim_mean": 10.798130252291823,
    "ms_per_claim_p50": 14.045916963368654,
    "ms_per_1k_claims": 10798.130252291823,
    "param_invocations_per_claim": 17150422.919508867
  }
}