{
  "system": "tiered",
  "split": "test",
  "metrics": {
    "coverage": 1.0,
    "n_total": 29320,
    "n_decided": 29320,
    "decided": {
      "n": 29320,
      "tp": 5436,
      "fp": 11210,
      "fn": 1052,
      "tn": 11622,
      "balanced_accuracy": 0.6734384626418284,
      "accuracy": 0.5817871759890859,
      "precision": 0.32656494052625257,
      "recall": 0.8378545006165228,
      "f1": 0.4699576381084119,
      "false_accept_rate": 0.1621454993834772,
      "false_reject_rate": 0.4909775753328662,
      "bacc_ci95": [
        0.6673666871086632,
        0.6789377671918764
      ]
    },
    "default_accept": {
      "n": 29320,
      "tp": 5436,
      "fp": 11210,
      "fn": 1052,
      "tn": 11622,
      "balanced_accuracy": 0.6734384626418284,
      "accuracy": 0.5817871759890859,
      "precision": 0.32656494052625257,
      "recall": 0.8378545006165228,
      "f1": 0.4699576381084119,
      "false_accept_rate": 0.1621454993834772,
      "false_reject_rate": 0.4909775753328662,
      "bacc_ci95": [
        0.6673666871086632,
        0.6789377671918764
      ]
    },
    "default_escalate": {
      "n": 29320,
      "tp": 5436,
      "fp": 11210,
      "fn": 1052,
      "tn": 11622,
      "balanced_accuracy": 0.6734384626418284,
      "accuracy": 0.5817871759890859,
      "precision": 0.32656494052625257,
      "recall": 0.8378545006165228,
      "f1": 0.4699576381084119,
      "false_accept_rate": 0.1621454993834772,
      "false_reject_rate": 0.4909775753328662,
      "bacc_ci95": [
        0.6673666871086632,
        0.6789377671918764
      ]
    }
  },
  "per_dataset": {
    "AggreFact-CNN": {
      "n": 558,
      "tp": 35,
      "fp": 228,
      "fn": 22,
      "tn": 273,
      "balanced_accuracy": 0.5794726336800085,
      "accuracy": 0.5519713261648745,
      "precision": 0.13307984790874525,
      "recall": 0.6140350877192983,
      "f1": 0.21875,
      "false_accept_rate": 0.38596491228070173,
      "false_reject_rate": 0.4550898203592814
    },
    "AggreFact-XSum": {
      "n": 558,
      "tp": 242,
      "fp": 218,
      "fn": 31,
      "tn": 67,
      "balanced_accuracy": 0.560767302872566,
      "accuracy": 0.553763440860215,
      "precision": 0.5260869565217391,
      "recall": 0.8864468864468864,
      "f1": 0.6603001364256481,
      "false_accept_rate": 0.11355311355311355,
      "false_reject_rate": 0.7649122807017544
    },
    "ClaimVerify": {
      "n": 1088,
      "tp": 243,
      "fp": 297,
      "fn": 56,
      "tn": 492,
      "balanced_accuracy": 0.7181415872935133,
      "accuracy": 0.6755514705882353,
      "precision": 0.45,
      "recall": 0.8127090301003345,
      "f1": 0.5792610250297974,
      "false_accept_rate": 0.18729096989966554,
      "false_reject_rate": 0.376425855513308
    },
    "ExpertQA": {
      "n": 3702,
      "tp": 581,
      "fp": 2073,
      "fn": 150,
      "tn": 898,
      "balanced_accuracy": 0.5485283872693677,
      "accuracy": 0.39951377633711505,
      "precision": 0.21891484551620197,
      "recall": 0.7948016415868673,
      "f1": 0.3432791728212703,
      "false_accept_rate": 0.2051983584131327,
      "false_reject_rate": 0.697744867048132
    },
    "FactCheck-GPT": {
      "n": 1566,
      "tp": 1071,
      "fp": 178,
      "fn": 119,
      "tn": 198,
      "balanced_accuracy": 0.7132978723404255,
      "accuracy": 0.8103448275862069,
      "precision": 0.8574859887910328,
      "recall": 0.9,
      "f1": 0.8782287822878229,
      "false_accept_rate": 0.1,
      "false_reject_rate": 0.4734042553191489
    },
    "Lfqa": {
      "n": 1911,
      "tp": 765,
      "fp": 465,
      "fn": 25,
      "tn": 656,
      "balanced_accuracy": 0.7767731117108368,
      "accuracy": 0.7435897435897436,
      "precision": 0.6219512195121951,
      "recall": 0.9683544303797469,
      "f1": 0.7574257425742575,
      "false_accept_rate": 0.03164556962025317,
      "false_reject_rate": 0.41480820695807313
    },
    "RAGTruth": {
      "n": 16371,
      "tp": 944,
      "fp": 7194,
      "fn": 325,
      "tn": 7908,
      "balanced_accuracy": 0.6337660410391371,
      "accuracy": 0.5407122350497832,
      "precision": 0.11599901695748341,
      "recall": 0.7438928289992119,
      "f1": 0.20070160518762623,
      "false_accept_rate": 0.256107171000788,
      "false_reject_rate": 0.4763607469209376
    },
    "Reveal": {
      "n": 1710,
      "tp": 1101,
      "fp": 50,
      "fn": 209,
      "tn": 350,
      "balanced_accuracy": 0.8577290076335877,
      "accuracy": 0.8485380116959065,
      "precision": 0.9565595134665508,
      "recall": 0.8404580152671756,
      "f1": 0.8947582283624542,
      "false_accept_rate": 0.15954198473282444,
      "false_reject_rate": 0.125
    },
    "TofuEval-MediaS": {
      "n": 726,
      "tp": 117,
      "fp": 209,
      "fn": 55,
      "tn": 345,
      "balanced_accuracy": 0.651488120225002,
      "accuracy": 0.6363636363636364,
      "precision": 0.3588957055214724,
      "recall": 0.6802325581395349,
      "f1": 0.4698795180722891,
      "false_accept_rate": 0.31976744186046513,
      "false_reject_rate": 0.37725631768953066
    },
    "TofuEval-MeetB": {
      "n": 772,
      "tp": 109,
      "fp": 223,
      "fn": 41,
      "tn": 399,
      "balanced_accuracy": 0.6840728831725617,
      "accuracy": 0.6580310880829016,
      "precision": 0.32831325301204817,
      "recall": 0.7266666666666667,
      "f1": 0.4522821576763485,
      "false_accept_rate": 0.2733333333333333,
      "false_reject_rate": 0.35852090032154343
    },
    "Wice": {
      "n": 358,
      "tp": 228,
      "fp": 75,
      "fn": 19,
      "tn": 36,
      "balanced_accuracy": 0.6237006237006237,
      "accuracy": 0.7374301675977654,
      "precision": 0.7524752475247525,
      "recall": 0.9230769230769231,
      "f1": 0.8290909090909091,
      "false_accept_rate": 0.07692307692307693,
      "false_reject_rate": 0.6756756756756757
    }
  },
  "cost": {
    "system": "tiered",
    "n": 29320,
    "ms_per_claim_mean": 75.55198726718508,
    "ms_per_claim_p50": 38.137916941195726,
    "ms_per_1k_claims": 75551.98726718509,
    "param_invocations_per_claim": 139016643.92905867
  }
}